{
  "recordings": [
    {
      "id": "1",
      "title": "Thriller",
      "artist": "Michael Jackson",
      "genre": "Pop",
      "year": "1982",
      "duration": "2580",
      "description": "Самый продаваемый альбом всех времен"
    },
    {
      "title": "hfdbj",
      "artist": "knbkj",
      "genre": "rock",
      "year": "123",
      "duration": "123",
      "description": "gjhvmn",
      "id": "1745396964090"
    },
    {
      "title": "ьортипамвс",
      "artist": "оьтрипам",
      "genre": "ьотрипма",
      "year": "4512",
      "duration": "84512",
      "description": "",
      "id": "1745946833806"
    },
    {
      "title": "лгьортипамвсльготрипмас",
      "artist": "ьотрипамс",
      "genre": "ьотрипам",
      "year": "5412",
      "duration": "84512",
      "description": "",
      "id": "1745946848377"
    },
    {
      "title": "огтрипмавс чьлотрип",
      "artist": "ьотрипм",
      "genre": "5120",
      "year": "54123",
      "duration": "645312",
      "description": "",
      "id": "1745946865474"
    },
    {
      "title": "пиамсчипамс",
      "artist": "масч",
      "genre": "амсч",
      "year": "5632",
      "duration": "45132",
      "description": "",
      "id": "1745946881348"
    }
  ]
}